{
  "collapsedGroups": [],
  "version": 6,
  "t": "2025-11-12T15:36:07.1139675-05:00",
  "commands": [
    {
      "permittedUsers": [],
      "permittedGroups": [],
      "id": "5f86b08f-edd8-4ce0-a658-b806755e0077",
      "name": "!discord",
      "enabled": false,
      "include": true,
      "mode": 0,
      "command": "!discord",
      "regexExplicitCapture": false,
      "location": 0,
      "ignoreBotAccount": true,
      "ignoreInternal": true,
      "sources": 1,
      "persistCounter": false,
      "persistUserCounter": false,
      "caseSensitive": false,
      "globalCooldown": 0,
      "userCooldown": 0,
      "group": null,
      "grantType": 0
    },
    {
      "permittedUsers": [],
      "permittedGroups": [],
      "id": "1b70d40d-5a5b-454c-85cd-c2a4f6ec760e",
      "name": "Heal",
      "enabled": true,
      "include": false,
      "mode": 0,
      "command": "!heal",
      "regexExplicitCapture": false,
      "location": 0,
      "ignoreBotAccount": true,
      "ignoreInternal": true,
      "sources": 1,
      "persistCounter": false,
      "persistUserCounter": false,
      "caseSensitive": false,
      "globalCooldown": 2,
      "userCooldown": 0,
      "group": "Twitch Funnies",
      "grantType": 0
    },
    {
      "permittedUsers": [],
      "permittedGroups": [],
      "id": "5f2f023a-1da2-4cd9-916c-15c6fee4fe6a",
      "name": "Fireball",
      "enabled": true,
      "include": false,
      "mode": 0,
      "command": "!fireball",
      "regexExplicitCapture": false,
      "location": 0,
      "ignoreBotAccount": true,
      "ignoreInternal": true,
      "sources": 1,
      "persistCounter": false,
      "persistUserCounter": false,
      "caseSensitive": false,
      "globalCooldown": 1,
      "userCooldown": 0,
      "group": "Twitch Funnies",
      "grantType": 0
    },
    {
      "permittedUsers": [],
      "permittedGroups": [],
      "id": "43df74a3-2778-49a2-b24b-ca464709812d",
      "name": "Pet demon",
      "enabled": true,
      "include": false,
      "mode": 0,
      "command": "!Pet",
      "regexExplicitCapture": false,
      "location": 0,
      "ignoreBotAccount": true,
      "ignoreInternal": true,
      "sources": 1,
      "persistCounter": false,
      "persistUserCounter": false,
      "caseSensitive": false,
      "globalCooldown": 0,
      "userCooldown": 0,
      "group": "Twitch Funnies",
      "grantType": 0
    },
    {
      "permittedUsers": [],
      "permittedGroups": [],
      "id": "b2be6967-dc98-472a-922f-fc253346996f",
      "name": "!nom",
      "enabled": false,
      "include": false,
      "mode": 0,
      "command": "!nom",
      "regexExplicitCapture": false,
      "location": 0,
      "ignoreBotAccount": true,
      "ignoreInternal": true,
      "sources": 1,
      "persistCounter": false,
      "persistUserCounter": false,
      "caseSensitive": false,
      "globalCooldown": 0,
      "userCooldown": 5,
      "group": "Twitch Funnies",
      "grantType": 0
    }
  ]
}